Date,Car_Model,Vehicle_Type,Region,Units_Sold,Revenue,Profit,Marketing_Spend,Customer_Satisfaction
01-01-2022,CruzeX,Sedan,North America,1226,53816851.06,4171624.97,80172.19,4.4
01-01-2022,CruzeX,Sedan,Europe,221,5454243.67,320232.51,87955.85,4.4
01-01-2022,CruzeX,Sedan,Asia,1787,70634131.03,4129393.98,74979.89,4.91
01-01-2022,CruzeX,Sedan,South America,485,12345553.27,956912.19,37381.8,4.29
01-01-2022,CruzeX,Sedan,Australia,847,17526016.22,2255882.19,45987.49,3.57
01-01-2022,EcoSUV,SUV,North America,799,24761693.38,2932044.44,80665.84,3.8
01-01-2022,EcoSUV,SUV,Europe,1690,83649805.91,10039184.11,87394.64,4.52
01-01-2022,EcoSUV,SUV,Asia,940,20634454.92,3968683.12,96906.88,4.71
01-01-2022,EcoSUV,SUV,South America,876,17939593.11,1518300.85,31692.29,4.52
01-01-2022,EcoSUV,SUV,Australia,1551,54060581.63,2981888.6,91838.84,3.89
01-01-2022,SpeedsterZ,Sports,North America,1995,85108380.41,9683068.21,28714.75,4.35
01-01-2022,SpeedsterZ,Sports,Europe,1600,78540062.13,13058850.12,94554.9,4.84
01-01-2022,SpeedsterZ,Sports,Asia,369,15430900.99,1527367.79,61339.96,4.28
01-01-2022,SpeedsterZ,Sports,South America,1825,54311835.61,5882058.34,34421.41,4.74
01-01-2022,SpeedsterZ,Sports,Australia,316,8983259.15,1180439.89,22683.18,4.7
01-01-2022,FamilyVan,Van,North America,164,3356931.12,381046,45539.34,3.94
01-01-2022,FamilyVan,Van,Europe,1186,52734117.62,8228030.63,75610.65,4.66
01-01-2022,FamilyVan,Van,Asia,1896,90607993.97,13379317.18,92346.37,4.78
01-01-2022,FamilyVan,Van,South America,879,26305780.92,1566081.85,37988.41,3.99
01-01-2022,FamilyVan,Van,Australia,198,7472308.86,681536.36,60511.91,4.07
01-01-2022,TerraTruck,Truck,North America,1585,72065852.34,11405100.58,31238.64,3.88
01-01-2022,TerraTruck,Truck,Europe,894,31899694.48,3640748.9,12287.72,3.66
01-01-2022,TerraTruck,Truck,Asia,1698,79590197.56,9654731.38,60694.8,4.54
01-01-2022,TerraTruck,Truck,South America,584,16047599.85,1790229.13,77999.6,3.84
01-01-2022,TerraTruck,Truck,Australia,1283,48710331.81,7511997.28,89242.11,4.44
01-02-2022,CruzeX,Sedan,North America,1697,66186585.24,11961179.36,82330.49,3.78
01-02-2022,CruzeX,Sedan,Europe,1921,89323441.32,8811914.08,20987.92,4.03
01-02-2022,CruzeX,Sedan,Asia,289,6734150.19,566949.95,48439.7,4.73
01-02-2022,CruzeX,Sedan,South America,1868,54439941.71,4066575.34,58068.05,4.23
01-02-2022,CruzeX,Sedan,Australia,1348,31807355.45,3201164.64,94861.87,3.98
01-02-2022,EcoSUV,SUV,North America,1731,63602236.96,7032844.43,15840.3,3.88
01-02-2022,EcoSUV,SUV,Europe,1391,38326875.2,4775040.97,37079.05,3.93
01-02-2022,EcoSUV,SUV,Asia,1204,33716130.24,6624958.07,46993.33,3.55
01-02-2022,EcoSUV,SUV,South America,1859,87833988.46,7547950.87,23040.54,4.23
01-02-2022,EcoSUV,SUV,Australia,1795,65673292.85,9122316.47,17276.8,4.05
01-02-2022,SpeedsterZ,Sports,North America,500,20923245.23,2200444.76,66907.52,4.45
01-02-2022,SpeedsterZ,Sports,Europe,1634,37106004.53,6504510.95,38870.21,3.78
01-02-2022,SpeedsterZ,Sports,Asia,1472,67345124.82,6660017.71,29821.69,4.57
01-02-2022,SpeedsterZ,Sports,South America,1634,43782822.9,6426264.05,25692.98,4.54
01-02-2022,SpeedsterZ,Sports,Australia,1763,62643868.93,11003803.76,70812.11,4.6
01-02-2022,FamilyVan,Van,North America,250,9060859.8,1398703.72,30569.5,3.76
01-02-2022,FamilyVan,Van,Europe,723,26502305.6,3430659.5,31766.71,3.64
01-02-2022,FamilyVan,Van,Asia,1775,65229126.4,11897495.96,26983.64,3.92
01-02-2022,FamilyVan,Van,South America,1782,74449590.59,13740903.27,89837.78,4.67
01-02-2022,FamilyVan,Van,Australia,727,16375092.64,1215757.41,90869.88,4.41
01-02-2022,TerraTruck,Truck,North America,1350,42077452.05,8037635.58,97629.75,3.93
01-02-2022,TerraTruck,Truck,Europe,977,35623387.37,5478316.96,68676.51,3.84
01-02-2022,TerraTruck,Truck,Asia,260,5340987.84,662731.44,26094.04,4.05
01-02-2022,TerraTruck,Truck,South America,1515,68897204.01,10241013.64,61147.77,3.64
01-02-2022,TerraTruck,Truck,Australia,569,15907004.42,1377521.87,97570.95,4.09
01-03-2022,CruzeX,Sedan,North America,537,25337251.47,2917816.46,41507.06,4.47
01-03-2022,CruzeX,Sedan,Europe,978,34010469.14,2696569.3,75020.69,3.92
01-03-2022,CruzeX,Sedan,Asia,646,27814576.8,1572651.91,99509.55,4.2
01-03-2022,CruzeX,Sedan,South America,1169,55464294.17,5852803.36,11391.1,4.89
01-03-2022,CruzeX,Sedan,Australia,596,21803437.61,2961863.35,98229.84,3.61
01-03-2022,EcoSUV,SUV,North America,352,11106632.01,1973320.87,38522.98,3.75
01-03-2022,EcoSUV,SUV,Europe,1916,61006865.51,10775762.91,93701.52,3.61
01-03-2022,EcoSUV,SUV,Asia,725,27876407.18,5533692,22607.56,4.28
01-03-2022,EcoSUV,SUV,South America,1509,44781873.1,7939847.11,22295.92,4.56
01-03-2022,EcoSUV,SUV,Australia,1162,33474611.69,5737688.14,82910.21,4.8
01-03-2022,SpeedsterZ,Sports,North America,624,14007443.06,711266.15,66510.5,3.79
01-03-2022,SpeedsterZ,Sports,Europe,1899,77971053,13205871.51,90100.48,4.01
01-03-2022,SpeedsterZ,Sports,Asia,1215,45399625.44,5255965.41,70482.35,3.99
01-03-2022,SpeedsterZ,Sports,South America,1821,66064676.39,6142772.08,63174.99,3.55
01-03-2022,SpeedsterZ,Sports,Australia,1815,38414551.29,3668198.86,58337.42,3.99
01-03-2022,FamilyVan,Van,North America,363,15645229.79,1288746.93,66060.14,3.63
01-03-2022,FamilyVan,Van,Europe,976,25211447.4,2816196.47,72956.1,3.71
01-03-2022,FamilyVan,Van,Asia,755,37203049.6,4741344.6,39066.08,4.69
01-03-2022,FamilyVan,Van,South America,930,30695228.58,4960545.28,32577.45,3.78
01-03-2022,FamilyVan,Van,Australia,1953,88040075.26,13593046.99,46805.76,3.76
01-03-2022,TerraTruck,Truck,North America,612,20361586.94,1750447.02,18448.6,3.77
01-03-2022,TerraTruck,Truck,Europe,1360,38621303,7462786.35,76410.72,4.33
01-03-2022,TerraTruck,Truck,Asia,889,37250148.57,2129122.36,60943.35,3.74
01-03-2022,TerraTruck,Truck,South America,1209,24702051.83,1665187.45,14140.24,3.56
01-03-2022,TerraTruck,Truck,Australia,1873,92498696.6,7057608.05,11544.5,4.65
01-04-2022,CruzeX,Sedan,North America,440,15049827.37,1143490.11,49046.65,4.1
01-04-2022,CruzeX,Sedan,Europe,621,30102584.98,5508835.01,33480.43,3.52
01-04-2022,CruzeX,Sedan,Asia,1782,62537664.38,11161314.35,69282.43,3.74
01-04-2022,CruzeX,Sedan,South America,891,43050222.59,8250047.35,88047.9,4.45
01-04-2022,CruzeX,Sedan,Australia,951,35438278.29,3835325,67895.94,4.19
01-04-2022,EcoSUV,SUV,North America,790,35249155.58,5072034.5,83838.42,4.48
01-04-2022,EcoSUV,SUV,Europe,1166,30168773.89,1822320.51,19070.02,3.53
01-04-2022,EcoSUV,SUV,Asia,598,23051474.69,2316284.38,69015.04,4.08
01-04-2022,EcoSUV,SUV,South America,1069,22126330.98,3809496.43,35366.93,3.68
01-04-2022,EcoSUV,SUV,Australia,1624,49450959.37,9420270.42,13526.77,4.13
01-04-2022,SpeedsterZ,Sports,North America,1120,31876361.64,2442237.14,77555.33,4.71
01-04-2022,SpeedsterZ,Sports,Europe,1812,76012371.98,5256518.48,32501.48,4.37
01-04-2022,SpeedsterZ,Sports,Asia,762,36517112.46,6527868.87,48609.46,4.63
01-04-2022,SpeedsterZ,Sports,South America,316,8578478.72,914974.82,58089.47,4.24
01-04-2022,SpeedsterZ,Sports,Australia,828,24510032.09,4517897.06,45028.15,3.52
01-04-2022,FamilyVan,Van,North America,1356,61581783.1,6357443.32,96112.08,4.52
01-04-2022,FamilyVan,Van,Europe,1687,62761691.52,9086360.41,50360.1,3.94
01-04-2022,FamilyVan,Van,Asia,1148,42029533.12,3442604.77,95157.51,4.67
01-04-2022,FamilyVan,Van,South America,1162,26419444.75,3280318.73,15180.29,4.32
01-04-2022,FamilyVan,Van,Australia,1256,52891499.78,6975720.56,73524.83,4.95
01-04-2022,TerraTruck,Truck,North America,1132,48500901.05,6922665.02,19101.04,3.63
01-04-2022,TerraTruck,Truck,Europe,1776,47378871.53,5187879.37,90270.72,3.72
01-04-2022,TerraTruck,Truck,Asia,128,2885776.82,571372.09,43684.37,4.06
01-04-2022,TerraTruck,Truck,South America,599,16233232.93,3021882.15,63269.99,4.03
01-04-2022,TerraTruck,Truck,Australia,1375,30944404.56,5154472.51,60256.38,4.14
01-05-2022,CruzeX,Sedan,North America,1981,59246907.8,6823334.65,32831.4,4.11
01-05-2022,CruzeX,Sedan,Europe,1761,38194502.05,2590453.77,20577.36,4.47
01-05-2022,CruzeX,Sedan,Asia,1124,45444649.48,3891242.22,46020.06,4.22
01-05-2022,CruzeX,Sedan,South America,1532,70560815.93,5894606.52,96690.03,3.52
01-05-2022,CruzeX,Sedan,Australia,771,28280396.54,2782874.68,13906.07,4.89
01-05-2022,EcoSUV,SUV,North America,863,19170593.06,2551186.92,97237.23,4.28
01-05-2022,EcoSUV,SUV,Europe,1356,35939794.46,3384597.51,99624.82,4.55
01-05-2022,EcoSUV,SUV,Asia,1382,65002011.11,3693216.47,35286.69,4.93
01-05-2022,EcoSUV,SUV,South America,1067,33968642.77,2242385.94,40209.41,3.75
01-05-2022,EcoSUV,SUV,Australia,775,26280987.91,2707016.24,62529.05,3.62
01-05-2022,SpeedsterZ,Sports,North America,140,3891789.42,459177.16,12908.44,3.92
01-05-2022,SpeedsterZ,Sports,Europe,1847,70340144.08,6375887.15,21986.66,3.61
01-05-2022,SpeedsterZ,Sports,Asia,489,23713564.73,3767087.72,65207.37,4.13
01-05-2022,SpeedsterZ,Sports,South America,923,42734756.55,5672533.84,24835.08,4.12
01-05-2022,SpeedsterZ,Sports,Australia,473,20961751.76,4152343.16,23537.52,4.39
01-05-2022,FamilyVan,Van,North America,162,5149928.72,898016.93,61217.33,3.6
01-05-2022,FamilyVan,Van,Europe,204,6618695.35,602374.49,15073.79,4.8
01-05-2022,FamilyVan,Van,Asia,808,40393156.4,8058253.97,59988.85,4.65
01-05-2022,FamilyVan,Van,South America,776,33144850.38,3535812.51,31697.63,3.81
01-05-2022,FamilyVan,Van,Australia,100,4862153.08,685204.73,30577.85,4.51
01-05-2022,TerraTruck,Truck,North America,1923,41165457.23,3717276.7,11996.63,4.25
01-05-2022,TerraTruck,Truck,Europe,537,23182049.29,2967870.85,86696.34,4.33
01-05-2022,TerraTruck,Truck,Asia,488,11054296.39,1865663.18,63096.03,4.22
01-05-2022,TerraTruck,Truck,South America,1018,43421891.79,6211346.72,73367.18,3.82
01-05-2022,TerraTruck,Truck,Australia,1545,59510173.06,11727634.62,64727.91,4.45
01-06-2022,CruzeX,Sedan,North America,1458,48295153.09,8964730.04,41342.99,4.27
01-06-2022,CruzeX,Sedan,Europe,1083,51241211.84,4852231.1,57124.2,4.55
01-06-2022,CruzeX,Sedan,Asia,896,21873335.17,4133801.01,54290.47,3.89
01-06-2022,CruzeX,Sedan,South America,1083,23150032.55,3313252.4,41267.21,3.81
01-06-2022,CruzeX,Sedan,Australia,142,3863020.34,237110.25,21599.17,3.69
01-06-2022,EcoSUV,SUV,North America,194,6209748.85,960338.5,26206.05,4.54
01-06-2022,EcoSUV,SUV,Europe,380,17823387.87,2158309.72,70080.2,3.76
01-06-2022,EcoSUV,SUV,Asia,733,19582440.96,3393022.04,41057.44,4.02
01-06-2022,EcoSUV,SUV,South America,633,14344461.12,976791.54,51470.09,3.81
01-06-2022,EcoSUV,SUV,Australia,645,15391281.51,1531662.26,38942.45,3.64
01-06-2022,SpeedsterZ,Sports,North America,146,5670203.71,353048.74,88622.08,4.88
01-06-2022,SpeedsterZ,Sports,Europe,1696,34052034.84,6137714.67,17606.53,4.4
01-06-2022,SpeedsterZ,Sports,Asia,1815,47699070.66,5035629.78,53607.07,4.43
01-06-2022,SpeedsterZ,Sports,South America,177,5996059.34,972084.98,13301.49,3.88
01-06-2022,SpeedsterZ,Sports,Australia,1130,45894910.63,8108074.91,77465.46,3.55
01-06-2022,FamilyVan,Van,North America,1397,46691052.29,6064821.71,31822.35,3.9
01-06-2022,FamilyVan,Van,Europe,584,14873613.55,2001910.5,85663.9,3.63
01-06-2022,FamilyVan,Van,Asia,225,5308394.39,974510.22,63423.32,4.52
01-06-2022,FamilyVan,Van,South America,166,6551137.74,798828.15,62577.95,4.61
01-06-2022,FamilyVan,Van,Australia,722,30586219.01,3509735.96,21482.23,3.93
01-06-2022,TerraTruck,Truck,North America,1641,77109641.36,10882736.86,31991.78,4.25
01-06-2022,TerraTruck,Truck,Europe,1864,89492046.78,4575742.18,30279.95,4.05
01-06-2022,TerraTruck,Truck,Asia,723,17945178.99,1399455.75,35658.57,3.76
01-06-2022,TerraTruck,Truck,South America,922,41738406.22,2410197.69,11641.82,4.55
01-06-2022,TerraTruck,Truck,Australia,1019,23805029.24,2610896.09,97252.34,4.8
01-07-2022,CruzeX,Sedan,North America,745,36692751.09,4535675.98,75060.65,4.73
01-07-2022,CruzeX,Sedan,Europe,293,10753945.83,1459761.08,35198.12,4.65
01-07-2022,CruzeX,Sedan,Asia,425,20841924.35,3264738.88,27955.62,4.6
01-07-2022,CruzeX,Sedan,South America,239,5603380.03,793399.42,35976.75,4.37
01-07-2022,CruzeX,Sedan,Australia,238,11414582.4,1119728.63,63449.48,4.05
01-07-2022,EcoSUV,SUV,North America,109,3973932.2,525903.42,28155.74,4.53
01-07-2022,EcoSUV,SUV,Europe,1719,47511818.57,7232505.98,78420.51,4.39
01-07-2022,EcoSUV,SUV,Asia,1673,54130295.48,5539166.13,93657.62,4.75
01-07-2022,EcoSUV,SUV,South America,335,10805608.84,2052425.02,99183.65,3.81
01-07-2022,EcoSUV,SUV,Australia,1670,79815116.12,12629902.68,14328.52,4.67
01-07-2022,SpeedsterZ,Sports,North America,1902,83417952.81,6693798.38,24729.03,3.75
01-07-2022,SpeedsterZ,Sports,Europe,104,2815358.25,408406.52,91707.95,3.97
01-07-2022,SpeedsterZ,Sports,Asia,1165,37015956.5,6384879.23,49522.14,4.07
01-07-2022,SpeedsterZ,Sports,South America,1814,70243606.03,9199605.54,49487.02,4.37
01-07-2022,SpeedsterZ,Sports,Australia,244,11464885.88,1233434.65,58919.76,4.86
01-07-2022,FamilyVan,Van,North America,1162,27315065.7,5216489.72,66493.72,4
01-07-2022,FamilyVan,Van,Europe,1571,39278020.72,7140522.93,54588.13,4.61
01-07-2022,FamilyVan,Van,Asia,1022,44618390.5,3246042.88,38054.99,3.87
01-07-2022,FamilyVan,Van,South America,1050,25508531.54,2058071.41,74265.77,4.24
01-07-2022,FamilyVan,Van,Australia,1965,59465719.09,10298784.38,19956.86,4.77
01-07-2022,TerraTruck,Truck,North America,315,12007401.89,1505046.8,58587.46,4.23
01-07-2022,TerraTruck,Truck,Europe,423,17625385.09,2784907.44,67703.29,4.54
01-07-2022,TerraTruck,Truck,Asia,1415,58701801.72,8209705.54,84411.89,4.94
01-07-2022,TerraTruck,Truck,South America,971,36414202.98,4010212.88,51580.52,4.92
01-07-2022,TerraTruck,Truck,Australia,495,23441008.27,1661203.99,19071.51,3.88
01-08-2022,CruzeX,Sedan,North America,1739,80278704.33,15238322.42,60861.99,4.54
01-08-2022,CruzeX,Sedan,Europe,987,20421699.33,3016388.77,79412.2,4.06
01-08-2022,CruzeX,Sedan,Asia,1113,24841750.38,1630539.09,85639.57,4.87
01-08-2022,CruzeX,Sedan,South America,1892,44267391.48,8752822.21,85500.83,3.69
01-08-2022,CruzeX,Sedan,Australia,924,27687098.56,2677803.13,30465.61,4.41
01-08-2022,EcoSUV,SUV,North America,1554,33632987.6,3372702.08,82256.81,3.51
01-08-2022,EcoSUV,SUV,Europe,1036,24271427.69,2722664.09,87716.63,4.88
01-08-2022,EcoSUV,SUV,Asia,1333,45888670.75,8616433.51,62836.14,3.55
01-08-2022,EcoSUV,SUV,South America,862,20882562.55,1596639.97,54853.1,4.13
01-08-2022,EcoSUV,SUV,Australia,1979,58072162.17,9702369.1,34982.85,3.83
01-08-2022,SpeedsterZ,Sports,North America,1592,56444695.07,11081854.57,51309.01,4.34
01-08-2022,SpeedsterZ,Sports,Europe,441,9949176.11,1985170.43,55197.55,4.39
01-08-2022,SpeedsterZ,Sports,Asia,1264,40346302.94,4600218.32,81980.38,4.02
01-08-2022,SpeedsterZ,Sports,South America,769,19779165.72,1097396.58,52486.03,4.35
01-08-2022,SpeedsterZ,Sports,Australia,117,3372096.82,529786.36,57488.3,4.3
01-08-2022,FamilyVan,Van,North America,1236,39580294.3,5301624.07,23971.62,3.77
01-08-2022,FamilyVan,Van,Europe,1024,22799463.34,3716014.61,34507.17,4.85
01-08-2022,FamilyVan,Van,Asia,261,8420388.56,453083.87,24053.73,4.57
01-08-2022,FamilyVan,Van,South America,1472,47456595.32,6300261.16,32849.97,3.79
01-08-2022,FamilyVan,Van,Australia,1890,38917587.49,2553627.6,81992.45,3.77
01-08-2022,TerraTruck,Truck,North America,1732,63567253.55,10051379.01,82478.35,4.98
01-08-2022,TerraTruck,Truck,Europe,1411,64441631.49,11247189.96,45746.52,4.5
01-08-2022,TerraTruck,Truck,Asia,568,18284924.93,1802866.34,17823.25,4.45
01-08-2022,TerraTruck,Truck,South America,1796,47120911.43,2543578.82,26329.19,4.37
01-08-2022,TerraTruck,Truck,Australia,799,32853588.86,6130269.44,66228.51,4
01-09-2022,CruzeX,Sedan,North America,1122,35220446.46,4879590.04,34125.73,4.44
01-09-2022,CruzeX,Sedan,Europe,1033,44641131.87,4661145.05,87496.12,3.83
01-09-2022,CruzeX,Sedan,Asia,1629,69897415.16,4963903.08,88162.12,4.23
01-09-2022,CruzeX,Sedan,South America,1850,81391966.71,9260942.85,12022.24,3.9
01-09-2022,CruzeX,Sedan,Australia,651,26668459.51,2943731.41,29622.08,4.47
01-09-2022,EcoSUV,SUV,North America,593,29372514.79,3784752.14,25451.14,3.91
01-09-2022,EcoSUV,SUV,Europe,174,7773887.83,1006323.96,83354.9,4.25
01-09-2022,EcoSUV,SUV,Asia,133,4871170.23,719535.45,84676.76,3.81
01-09-2022,EcoSUV,SUV,South America,1997,48328510.65,4327942.35,33984.86,4.6
01-09-2022,EcoSUV,SUV,Australia,709,26952993.62,4036359.07,25783.42,4.87
01-09-2022,SpeedsterZ,Sports,North America,1021,32806205.39,5433911.82,47983.25,4.03
01-09-2022,SpeedsterZ,Sports,Europe,1945,81964261.52,5116192.83,64283.69,3.87
01-09-2022,SpeedsterZ,Sports,Asia,248,11187867.69,1293082.67,92396.23,4.58
01-09-2022,SpeedsterZ,Sports,South America,843,31184373.35,3786018.69,69730.4,4.91
01-09-2022,SpeedsterZ,Sports,Australia,168,5798124.91,524653.09,58585.85,3.74
01-09-2022,FamilyVan,Van,North America,1367,29448972.61,3665070.03,63715.86,4
01-09-2022,FamilyVan,Van,Europe,253,8659461.17,880299.69,41638.61,4.12
01-09-2022,FamilyVan,Van,Asia,160,6504331.5,749455.75,32176.18,4.73
01-09-2022,FamilyVan,Van,South America,1352,27134885.68,5295506.13,10472.84,3.65
01-09-2022,FamilyVan,Van,Australia,1736,39489594.38,7408130.87,22313.68,4.93
01-09-2022,TerraTruck,Truck,North America,1946,69353532.96,4369673.56,96235.37,4.64
01-09-2022,TerraTruck,Truck,Europe,760,32506017.28,5155958.16,67350.84,4.97
01-09-2022,TerraTruck,Truck,Asia,565,19595753.13,1630002.5,98890.12,4.92
01-09-2022,TerraTruck,Truck,South America,146,3113444.62,430401.23,99941.81,4.33
01-09-2022,TerraTruck,Truck,Australia,1209,57384760.55,3161435.31,72767.82,3.95
01-10-2022,CruzeX,Sedan,North America,787,18461808.52,2091065.65,81580.77,4.62
01-10-2022,CruzeX,Sedan,Europe,471,21353483,2089760.13,84602.39,3.56
01-10-2022,CruzeX,Sedan,Asia,1282,39666256.21,5319307.6,53295.57,4.83
01-10-2022,CruzeX,Sedan,South America,1294,39073946.09,6201621.97,15882.07,3.97
01-10-2022,CruzeX,Sedan,Australia,596,21546618.65,3215795.69,76407.02,4.28
01-10-2022,EcoSUV,SUV,North America,592,22777730.22,1934829.72,12196.07,4.81
01-10-2022,EcoSUV,SUV,Europe,513,10263655.49,798727.28,44556.75,4.9
01-10-2022,EcoSUV,SUV,Asia,1162,23570662.22,1364802.05,17968.91,3.56
01-10-2022,EcoSUV,SUV,South America,847,32884913.82,5953865.18,98567.51,4.65
01-10-2022,EcoSUV,SUV,Australia,1020,30692936.19,3940294.04,75904.46,3.51
01-10-2022,SpeedsterZ,Sports,North America,1552,47551207.66,4426344.52,36667.73,3.85
01-10-2022,SpeedsterZ,Sports,Europe,1788,50632529.24,9445542.14,14059.06,3.66
01-10-2022,SpeedsterZ,Sports,Asia,1467,34816496.9,6735681.47,81819.04,3.89
01-10-2022,SpeedsterZ,Sports,South America,1503,48888717.18,8891280.8,95025.88,4.2
01-10-2022,SpeedsterZ,Sports,Australia,1968,97761477.08,15788764.35,15848.78,4.1
01-10-2022,FamilyVan,Van,North America,1984,78346968.55,11059498.76,56141.97,3.85
01-10-2022,FamilyVan,Van,Europe,325,10244883.46,568691.34,96154.32,4.74
01-10-2022,FamilyVan,Van,Asia,1640,35645859.69,6963967.44,89540.73,4.89
01-10-2022,FamilyVan,Van,South America,1876,47306824.63,5177083.99,78241.46,4.54
01-10-2022,FamilyVan,Van,Australia,315,14780771.6,1766407.33,66064.36,4.62
01-10-2022,TerraTruck,Truck,North America,1212,45799296.03,6275095.79,18233.82,4.82
01-10-2022,TerraTruck,Truck,Europe,1446,40760977.68,4952520.92,13993.9,4.78
01-10-2022,TerraTruck,Truck,Asia,269,11912794.72,1766504.22,59577.16,3.63
01-10-2022,TerraTruck,Truck,South America,1083,29868569.06,1516197.89,72614.29,3.57
01-10-2022,TerraTruck,Truck,Australia,1013,22722994.5,1886632.98,71493.29,3.61
01-11-2022,CruzeX,Sedan,North America,692,15117093.46,2757901.16,56447.11,4.86
01-11-2022,CruzeX,Sedan,Europe,1446,44007963.44,6676114.68,60915.88,3.9
01-11-2022,CruzeX,Sedan,Asia,1385,49358365.97,8895568.1,32075.7,3.74
01-11-2022,CruzeX,Sedan,South America,915,37744563.71,6626133.62,72772.43,4.52
01-11-2022,CruzeX,Sedan,Australia,290,11881219.42,931288.37,89347.34,4.94
01-11-2022,EcoSUV,SUV,North America,860,17954579.9,3121807.92,21598.29,4
01-11-2022,EcoSUV,SUV,Europe,1793,84739043.43,4251189.75,60056.36,4.63
01-11-2022,EcoSUV,SUV,Asia,1647,33255525.92,3094616.91,65523.42,4.97
01-11-2022,EcoSUV,SUV,South America,116,2723136.62,290025.77,10816.52,4.73
01-11-2022,EcoSUV,SUV,Australia,1107,25692827.02,4217585.09,58713.99,4.94
01-11-2022,SpeedsterZ,Sports,North America,1954,62067904.01,4774548.6,77832.9,4.68
01-11-2022,SpeedsterZ,Sports,Europe,1015,41246120.24,2482008.34,37086.72,4.56
01-11-2022,SpeedsterZ,Sports,Asia,1017,41958531.86,5078496.36,15212.84,3.61
01-11-2022,SpeedsterZ,Sports,South America,309,14259146.19,2795125.54,97199.01,4.62
01-11-2022,SpeedsterZ,Sports,Australia,1350,51073032.3,5492487.82,15906.35,4.73
01-11-2022,FamilyVan,Van,North America,978,33896791.21,5611990.47,71496.58,4.17
01-11-2022,FamilyVan,Van,Europe,1553,52889251.43,10135989.43,19197.43,4.78
01-11-2022,FamilyVan,Van,Asia,1394,61118935.33,9415514.63,29869.27,3.62
01-11-2022,FamilyVan,Van,South America,1073,28865428.06,2011928.1,88124.89,4.94
01-11-2022,FamilyVan,Van,Australia,1563,51532178.82,9870596.59,47775.46,4.46
01-11-2022,TerraTruck,Truck,North America,1897,81196954,9446844.54,38075.68,3.98
01-11-2022,TerraTruck,Truck,Europe,1033,27786293.24,2277523.13,12802.07,4.48
01-11-2022,TerraTruck,Truck,Asia,1647,60745491.65,7333795.25,58890.95,3.74
01-11-2022,TerraTruck,Truck,South America,1084,49927625.42,8312426.79,79382.97,4.77
01-11-2022,TerraTruck,Truck,Australia,298,11558409.68,805467.79,12927.36,4.88
01-12-2022,CruzeX,Sedan,North America,998,25512638.71,3044030.12,10110.87,4.4
01-12-2022,CruzeX,Sedan,Europe,1359,37272203.99,4985600.86,30298.61,3.74
01-12-2022,CruzeX,Sedan,Asia,825,30903792.2,2792127.05,81780.32,3.97
01-12-2022,CruzeX,Sedan,South America,1840,45056851.48,5392845.07,71241.1,4.09
01-12-2022,CruzeX,Sedan,Australia,1618,61484997.41,5764180.8,72548.37,4.79
01-12-2022,EcoSUV,SUV,North America,201,9494146.48,1506177.94,77424.55,3.72
01-12-2022,EcoSUV,SUV,Europe,687,34075116.05,2432088.63,54899.93,4.43
01-12-2022,EcoSUV,SUV,Asia,1783,54168426.2,9012039.55,94711.38,3.61
01-12-2022,EcoSUV,SUV,South America,324,7334062.37,752431.09,12988.28,3.62
01-12-2022,EcoSUV,SUV,Australia,1017,30167109.36,5931455.77,28077.32,4.54
01-12-2022,SpeedsterZ,Sports,North America,242,6293090.77,472752,19411.11,4.45
01-12-2022,SpeedsterZ,Sports,Europe,734,15375526.91,2927989.83,14677.42,4.31
01-12-2022,SpeedsterZ,Sports,Asia,1493,71747689.31,13782915.46,66277.42,4.68
01-12-2022,SpeedsterZ,Sports,South America,210,9333398.22,578831.48,90533.5,4.32
01-12-2022,SpeedsterZ,Sports,Australia,1437,62531021.38,7637262.23,13667.87,3.75
01-12-2022,FamilyVan,Van,North America,113,2536725.64,149800.78,32239.29,3.74
01-12-2022,FamilyVan,Van,Europe,1424,54784499.18,5442983.29,52316.43,4.62
01-12-2022,FamilyVan,Van,Asia,1856,81090412.88,12066753.47,54837.61,4.33
01-12-2022,FamilyVan,Van,South America,1013,40112663.15,4005136.85,58823.08,4.24
01-12-2022,FamilyVan,Van,Australia,1023,26583957.82,4041671.73,16497.86,3.55
01-12-2022,TerraTruck,Truck,North America,452,20436534.63,1555812.95,96470.25,4.12
01-12-2022,TerraTruck,Truck,Europe,123,4030070.4,410624.88,43393.49,4.98
01-12-2022,TerraTruck,Truck,Asia,251,9111052.94,1158009.18,62925.25,3.54
01-12-2022,TerraTruck,Truck,South America,965,33389065.85,6043871.19,91063.17,4.13
01-12-2022,TerraTruck,Truck,Australia,854,32256015.42,6027181.69,28959.6,4.43
01-01-2023,CruzeX,Sedan,North America,1675,75508902.71,6446105.48,79840.02,4.11
01-01-2023,CruzeX,Sedan,Europe,577,14650314.61,1254528.4,97425.56,3.77
01-01-2023,CruzeX,Sedan,Asia,936,20661248.64,2387919.85,18765.41,4.11
01-01-2023,CruzeX,Sedan,South America,113,4005230.83,416083.43,63365.58,3.75
01-01-2023,CruzeX,Sedan,Australia,990,29070797.28,3193627.44,87218.76,3.51
01-01-2023,EcoSUV,SUV,North America,1572,67916992.61,4729131.45,97283.89,4.18
01-01-2023,EcoSUV,SUV,Europe,1518,70604138.36,8211519.42,39780.04,4.17
01-01-2023,EcoSUV,SUV,Asia,943,42309110.42,4850025.69,32384.28,4.43
01-01-2023,EcoSUV,SUV,South America,612,16876410.08,1753249.95,44142.27,4.41
01-01-2023,EcoSUV,SUV,Australia,786,31372510.76,3802179.88,85975.34,4.71
01-01-2023,SpeedsterZ,Sports,North America,255,11711253.76,1566041,58591.53,3.55
01-01-2023,SpeedsterZ,Sports,Europe,433,9401558.26,1219151.1,94294.51,3.56
01-01-2023,SpeedsterZ,Sports,Asia,218,5829545.7,448884.15,17970,3.65
01-01-2023,SpeedsterZ,Sports,South America,790,16785276.76,1212761.09,98796.71,4.95
01-01-2023,SpeedsterZ,Sports,Australia,1934,39688375.43,3908098.4,97578.8,4.37
01-01-2023,FamilyVan,Van,North America,1307,46356520.28,5717009.98,70017.78,3.71
01-01-2023,FamilyVan,Van,Europe,483,11583035.33,828550.2,94583.78,4.6
01-01-2023,FamilyVan,Van,Asia,1131,55529115.72,3558589.34,70534.19,4.17
01-01-2023,FamilyVan,Van,South America,616,30122649.47,2659708.82,69546.91,4.97
01-01-2023,FamilyVan,Van,Australia,526,21301653.89,2653679.41,65606.25,4.8
01-01-2023,TerraTruck,Truck,North America,843,36295854.73,2430605.37,81595.93,4.88
01-01-2023,TerraTruck,Truck,Europe,1124,29752566.14,4428158.34,45447.8,4.48
01-01-2023,TerraTruck,Truck,Asia,1725,52538687.28,3882247.35,64445.85,3.98
01-01-2023,TerraTruck,Truck,South America,1284,41354094.65,7469087.82,80414.69,4.35
01-01-2023,TerraTruck,Truck,Australia,588,13684693.9,2019542.61,78867.18,4.89
01-02-2023,CruzeX,Sedan,North America,118,5219774.63,857832.22,81803.23,4.15
01-02-2023,CruzeX,Sedan,Europe,1454,45466823.63,4297996.62,68416.72,3.99
01-02-2023,CruzeX,Sedan,Asia,1188,36820689.1,4029137.18,72592.05,4.08
01-02-2023,CruzeX,Sedan,South America,1596,60479724.54,7974435.13,49997.75,3.52
01-02-2023,CruzeX,Sedan,Australia,1390,52963806.34,7956854.31,65754.13,4.2
01-02-2023,EcoSUV,SUV,North America,1126,40841044.6,7870958.97,86245.06,4.87
01-02-2023,EcoSUV,SUV,Europe,1344,40639112.41,4349577.49,45894.05,4.37
01-02-2023,EcoSUV,SUV,Asia,1423,48810129.83,5327859.89,59447.28,4.62
01-02-2023,EcoSUV,SUV,South America,463,22532224.14,1188234.3,27620.02,3.51
01-02-2023,EcoSUV,SUV,Australia,1938,42904234.9,8289055.47,68922.38,4.07
01-02-2023,SpeedsterZ,Sports,North America,423,20317993.18,2087539.76,19127.87,4.23
01-02-2023,SpeedsterZ,Sports,Europe,1107,39511643.7,5947071.55,93664.53,4.3
01-02-2023,SpeedsterZ,Sports,Asia,1771,51959778.06,7354910.09,74453.56,3.91
01-02-2023,SpeedsterZ,Sports,South America,743,33208548.81,4263053.01,21090.04,4.79
01-02-2023,SpeedsterZ,Sports,Australia,1162,41547195.55,6496192.33,19618.92,4.35
01-02-2023,FamilyVan,Van,North America,397,18870432.15,2145174,17833.51,4.72
01-02-2023,FamilyVan,Van,Europe,1295,27586576.9,3999300.71,95626.3,4.4
01-02-2023,FamilyVan,Van,Asia,1241,43999971.59,6117350.61,81436.95,4.47
01-02-2023,FamilyVan,Van,South America,1083,35014314.98,6161790.98,91002.08,4.03
01-02-2023,FamilyVan,Van,Australia,1277,35333759.87,3367627.98,75876.23,4.78
01-02-2023,TerraTruck,Truck,North America,1290,51634181.1,3321642.21,66147.34,4.18
01-02-2023,TerraTruck,Truck,Europe,341,8385024.28,715119.63,88233.37,4.21
01-02-2023,TerraTruck,Truck,Asia,760,17382291.87,930748.51,67777.44,4.41
01-02-2023,TerraTruck,Truck,South America,1283,50215110.93,4445673.18,66881.39,3.59
01-02-2023,TerraTruck,Truck,Australia,1020,50626236.92,3567426.53,72563.01,4.11
01-03-2023,CruzeX,Sedan,North America,1497,49960469.97,7927603.86,11423.9,4.01
01-03-2023,CruzeX,Sedan,Europe,401,9272439.08,1471080.09,62054.82,3.91
01-03-2023,CruzeX,Sedan,Asia,1105,30881284.08,4533171.02,63617.57,4.1
01-03-2023,CruzeX,Sedan,South America,1476,39556345.49,4084170.75,16248.15,4.28
01-03-2023,CruzeX,Sedan,Australia,1765,70755458.52,4279979.35,67615.14,3.91
01-03-2023,EcoSUV,SUV,North America,1835,72530799.17,9424918.09,39190.04,4
01-03-2023,EcoSUV,SUV,Europe,1961,42299096.06,4516336.39,42664.98,4.99
01-03-2023,EcoSUV,SUV,Asia,1594,54126132.38,3194597.48,60606.71,4.94
01-03-2023,EcoSUV,SUV,South America,1968,76848041.09,12543573.23,25343.01,4.11
01-03-2023,EcoSUV,SUV,Australia,769,25770057.5,4211458.74,41281.44,4.5
01-03-2023,SpeedsterZ,Sports,North America,1079,36952077.41,3967874.98,20784.61,4.96
01-03-2023,SpeedsterZ,Sports,Europe,729,36285614.19,6859800.63,58596.14,4.76
01-03-2023,SpeedsterZ,Sports,Asia,248,5651392.83,500470.9,80911.18,4.8
01-03-2023,SpeedsterZ,Sports,South America,1112,49797616.15,8331350.99,73787.02,3.55
01-03-2023,SpeedsterZ,Sports,Australia,580,15556017.02,1575065.01,44281.86,4.02
01-03-2023,FamilyVan,Van,North America,860,31488097.81,3017461.8,45728.34,4.17
01-03-2023,FamilyVan,Van,Europe,1319,60937931.7,4525533.05,80764.84,4.36
01-03-2023,FamilyVan,Van,Asia,1439,65536015.43,5326543.01,93753.57,3.67
01-03-2023,FamilyVan,Van,South America,693,26915081.6,4068095.38,57923.31,4.58
01-03-2023,FamilyVan,Van,Australia,1190,52004086.58,4976888.38,17282.74,4.1
01-03-2023,TerraTruck,Truck,North America,677,16663498.25,1392104.72,96159.06,4.36
01-03-2023,TerraTruck,Truck,Europe,365,16306162.17,1139453.43,87581.3,4.88
01-03-2023,TerraTruck,Truck,Asia,1905,46055167.11,8508196.76,84639.92,3.98
01-03-2023,TerraTruck,Truck,South America,582,18600656.46,1338430.67,43078.1,3.6
01-03-2023,TerraTruck,Truck,Australia,1093,38455266.72,3264187.01,17196.89,4.67
01-04-2023,CruzeX,Sedan,North America,227,7485310.55,724371.62,55552.77,4.16
01-04-2023,CruzeX,Sedan,Europe,1951,88855288.76,4447196.18,11591.9,4.4
01-04-2023,CruzeX,Sedan,Asia,762,18715288.14,1107990.8,80268.54,4.19
01-04-2023,CruzeX,Sedan,South America,741,25592693.28,4175141.61,65754.8,3.95
01-04-2023,CruzeX,Sedan,Australia,1082,29403786.18,2097589.81,20924.64,3.95
01-04-2023,EcoSUV,SUV,North America,982,24876997.79,3824657.01,65624.65,4.45
01-04-2023,EcoSUV,SUV,Europe,1675,74402006.04,10586134.36,37562.83,4.44
01-04-2023,EcoSUV,SUV,Asia,223,10133226.27,1607612.24,81288.43,4.11
01-04-2023,EcoSUV,SUV,South America,867,22402131.53,2355895.58,47271.68,4.74
01-04-2023,EcoSUV,SUV,Australia,1864,58925444.28,11465320.58,32372.22,3.7
01-04-2023,SpeedsterZ,Sports,North America,504,10370187.23,922656.1,78426.08,3.71
01-04-2023,SpeedsterZ,Sports,Europe,1546,59626817.19,5874735.7,85087.3,4.44
01-04-2023,SpeedsterZ,Sports,Asia,1816,79987741.86,15512542.43,53906.86,3.66
01-04-2023,SpeedsterZ,Sports,South America,799,31466780.26,3930203.22,33941.74,3.72
01-04-2023,SpeedsterZ,Sports,Australia,609,14921389.1,1472761.83,76362.14,4.21
01-04-2023,FamilyVan,Van,North America,1868,71773116.68,12842707.18,45315.43,4.93
01-04-2023,FamilyVan,Van,Europe,724,35229869.39,5919869,38386.62,4.53
01-04-2023,FamilyVan,Van,Asia,671,14958271.38,1374742.28,93728.7,3.88
01-04-2023,FamilyVan,Van,South America,331,11202471.22,1630858.24,69341.85,4.84
01-04-2023,FamilyVan,Van,Australia,299,8015873.31,1470180.4,50555.77,4.82
01-04-2023,TerraTruck,Truck,North America,680,28643648.88,3632968.17,71220.5,3.56
01-04-2023,TerraTruck,Truck,Europe,1628,69004762.46,10271726.7,82191.75,3.66
01-04-2023,TerraTruck,Truck,Asia,1140,55512347.82,8916740.48,41792.63,3.94
01-04-2023,TerraTruck,Truck,South America,1774,87143312.75,16674638.34,80545.84,4.03
01-04-2023,TerraTruck,Truck,Australia,541,12416961.39,1850691.08,78793.54,3.9
01-05-2023,CruzeX,Sedan,North America,1673,37606580.53,4783505.82,90901.07,4.67
01-05-2023,CruzeX,Sedan,Europe,459,17781617.34,1907806.55,28511.85,3.68
01-05-2023,CruzeX,Sedan,Asia,1505,41871205.49,2528524.47,96384.39,4.22
01-05-2023,CruzeX,Sedan,South America,866,42481338.44,7213634.11,36353.98,4.97
01-05-2023,CruzeX,Sedan,Australia,473,16356559.99,3075762.41,56869.13,4.42
01-05-2023,EcoSUV,SUV,North America,1349,32164034.86,3240208.92,93527.53,3.84
01-05-2023,EcoSUV,SUV,Europe,1788,55928258.62,7411265.58,44978.75,3.75
01-05-2023,EcoSUV,SUV,Asia,513,24546806.83,3716321.29,54644.31,3.52
01-05-2023,EcoSUV,SUV,South America,221,9829728.21,1761541.35,86186.29,4.88
01-05-2023,EcoSUV,SUV,Australia,1653,64602749.17,5372332.69,98055.76,4.62
01-05-2023,SpeedsterZ,Sports,North America,337,14589883.68,2165492.92,25968.59,4.32
01-05-2023,SpeedsterZ,Sports,Europe,334,9378699.61,1227985.34,75515.25,3.66
01-05-2023,SpeedsterZ,Sports,Asia,312,13035171.96,2250754.46,29216.02,4.26
01-05-2023,SpeedsterZ,Sports,South America,187,5660772.2,634077.06,78236.65,4.62
01-05-2023,SpeedsterZ,Sports,Australia,614,17760842.47,2393332.12,71999.68,4.81
01-05-2023,FamilyVan,Van,North America,1490,69008088.34,7940766.03,24476.34,4.34
01-05-2023,FamilyVan,Van,Europe,1707,46772424.65,7435377.61,99262.9,3.65
01-05-2023,FamilyVan,Van,Asia,1347,62493384.2,9288644.6,37983.6,4.61
01-05-2023,FamilyVan,Van,South America,401,15430304.97,1206707.1,41984.61,4.68
01-05-2023,FamilyVan,Van,Australia,599,21399140.3,3792081.06,85596.76,4.75
01-05-2023,TerraTruck,Truck,North America,1137,48306996.48,7912756.48,71054.09,4.63
01-05-2023,TerraTruck,Truck,Europe,1858,54194378.97,9836150.49,99670.09,4.05
01-05-2023,TerraTruck,Truck,Asia,1504,59108636.92,9874686.9,29548.82,3.71
01-05-2023,TerraTruck,Truck,South America,1865,60386192,9320169.24,10289.64,4.43
01-05-2023,TerraTruck,Truck,Australia,1895,48208001.06,5213745.41,46209.44,4.81
01-06-2023,CruzeX,Sedan,North America,1344,52778565.2,3152360.21,62198.54,4.34
01-06-2023,CruzeX,Sedan,Europe,999,21562534.7,2651968.58,63943.21,4.4
01-06-2023,CruzeX,Sedan,Asia,1311,58669193.3,7318298.51,16935.25,3.59
01-06-2023,CruzeX,Sedan,South America,1232,52209395.72,10300672.49,28885.78,4.74
01-06-2023,CruzeX,Sedan,Australia,118,3918304.45,282579.81,39537.35,4.15
01-06-2023,EcoSUV,SUV,North America,1269,39520035.61,2346752.44,82123.02,4.65
01-06-2023,EcoSUV,SUV,Europe,1948,93491143.08,13685680.41,47912.32,4.45
01-06-2023,EcoSUV,SUV,Asia,1875,47526701.26,7266200.07,99201.38,4.62
01-06-2023,EcoSUV,SUV,South America,1994,74089399.26,10236591.79,26602.86,4.04
01-06-2023,EcoSUV,SUV,Australia,149,3718864.68,576564.58,62722.91,4.38
01-06-2023,SpeedsterZ,Sports,North America,809,28753771.66,2726111.62,94661.13,3.89
01-06-2023,SpeedsterZ,Sports,Europe,1425,38141891.85,4063527.49,51555.95,4.22
01-06-2023,SpeedsterZ,Sports,Asia,1016,34285536.31,4198103.84,22013.2,3.62
01-06-2023,SpeedsterZ,Sports,South America,842,39672850.72,7395357.74,80219.18,3.51
01-06-2023,SpeedsterZ,Sports,Australia,908,22488658.49,3182904.67,22181.87,4.63
01-06-2023,FamilyVan,Van,North America,1787,61047159.88,3175086.84,35447.11,3.57
01-06-2023,FamilyVan,Van,Europe,1465,40801964.8,3551681.28,91562.91,3.87
01-06-2023,FamilyVan,Van,Asia,1971,61369475.46,7016558.19,86031.05,3.9
01-06-2023,FamilyVan,Van,South America,940,32549507.66,1791591.3,15638.79,4.86
01-06-2023,FamilyVan,Van,Australia,1564,47510587.4,4621755.26,79467.2,3.63
01-06-2023,TerraTruck,Truck,North America,1522,31436456.3,4701902.13,96705.5,4.34
01-06-2023,TerraTruck,Truck,Europe,298,9477423.75,1650780.1,80894.17,4.44
01-06-2023,TerraTruck,Truck,Asia,264,13051872.96,1154823.32,68875.71,3.8
01-06-2023,TerraTruck,Truck,South America,1083,32650168.29,3144368.3,95233.24,4.95
01-06-2023,TerraTruck,Truck,Australia,544,12742043.21,926181.2,30278.52,3.88
01-07-2023,CruzeX,Sedan,North America,426,17258377.47,2274064.42,98246.51,3.84
01-07-2023,CruzeX,Sedan,Europe,127,5293922.5,318430.78,73705.16,4.32
01-07-2023,CruzeX,Sedan,Asia,1065,28525398.3,5050074.02,48576.75,3.71
01-07-2023,CruzeX,Sedan,South America,121,5505410.6,827756.93,51606.6,4.12
01-07-2023,CruzeX,Sedan,Australia,736,31264184.38,2925956.68,80827.31,3.67
01-07-2023,EcoSUV,SUV,North America,670,22630721.54,1307908.3,80765.04,3.8
01-07-2023,EcoSUV,SUV,Europe,490,22620394.79,2979720.45,78258.25,4.63
01-07-2023,EcoSUV,SUV,Asia,1778,46488367.16,8445751.41,89162.37,4.81
01-07-2023,EcoSUV,SUV,South America,1504,50439919.21,9974415.76,79481.12,3.54
01-07-2023,EcoSUV,SUV,Australia,1883,63867483.48,11903815.14,58483.16,4.25
01-07-2023,SpeedsterZ,Sports,North America,873,27200916.57,3203030.95,45764.33,3.64
01-07-2023,SpeedsterZ,Sports,Europe,808,39538914.09,3185451.38,57099.67,3.93
01-07-2023,SpeedsterZ,Sports,Asia,575,24566562.51,2247011.44,38111.42,4.46
01-07-2023,SpeedsterZ,Sports,South America,337,12128921.85,893819.35,72630.92,4.69
01-07-2023,SpeedsterZ,Sports,Australia,874,33565265.7,3506399.19,90746.77,3.75
01-07-2023,FamilyVan,Van,North America,585,14169487.32,1137843.13,26580.24,4.84
01-07-2023,FamilyVan,Van,Europe,787,19331182.13,2243354.94,65376.82,3.63
01-07-2023,FamilyVan,Van,Asia,643,15129352.53,2435213.77,38770.01,4.98
01-07-2023,FamilyVan,Van,South America,1232,61012717.39,9163377.99,67120.41,3.75
01-07-2023,FamilyVan,Van,Australia,1225,60507005.33,8980455.94,21684.38,4.53
01-07-2023,TerraTruck,Truck,North America,230,8239057.39,1300972.24,90123.22,3.62
01-07-2023,TerraTruck,Truck,Europe,744,36607568.94,3680015.23,36684.08,4.88
01-07-2023,TerraTruck,Truck,Asia,745,30773926.55,2989764.42,52405.11,4.73
01-07-2023,TerraTruck,Truck,South America,1999,58814225.88,5184373.86,83732.96,4.82
01-07-2023,TerraTruck,Truck,Australia,1921,48433880.61,7594534.34,84338.04,3.65
01-08-2023,CruzeX,Sedan,North America,1080,35211846.78,6542501.32,76570.42,3.79
01-08-2023,CruzeX,Sedan,Europe,1198,47362244.2,6779397.78,41713.75,4.76
01-08-2023,CruzeX,Sedan,Asia,1774,80383700.51,7081501.06,12800.4,4.61
01-08-2023,CruzeX,Sedan,South America,1189,35013181.73,1770706.59,71350.25,3.75
01-08-2023,CruzeX,Sedan,Australia,1783,47811834.51,8393662.49,35134.85,4.46
01-08-2023,EcoSUV,SUV,North America,615,28284831.19,2328675.45,42434,3.6
01-08-2023,EcoSUV,SUV,Europe,1436,41814010.97,6187403.96,94447.43,4.81
01-08-2023,EcoSUV,SUV,Asia,650,28744222.59,1692002.32,90896.26,4.48
01-08-2023,EcoSUV,SUV,South America,745,29890867.17,4007351.83,19989.05,4.17
01-08-2023,EcoSUV,SUV,Australia,649,17394440.56,1865410.96,21596.38,4.12
01-08-2023,SpeedsterZ,Sports,North America,1969,67678668.63,3566666.74,47929.96,3.54
01-08-2023,SpeedsterZ,Sports,Europe,713,20249998.48,3619712.57,36299.64,4.87
01-08-2023,SpeedsterZ,Sports,Asia,1549,63477185.48,11166851.65,98361.88,4.43
01-08-2023,SpeedsterZ,Sports,South America,1196,34854469.3,6078940.1,35336.91,4.81
01-08-2023,SpeedsterZ,Sports,Australia,497,13196987.86,897884.57,16150.68,3.89
01-08-2023,FamilyVan,Van,North America,364,7415452.08,892191.56,37113.87,4.4
01-08-2023,FamilyVan,Van,Europe,1862,49883994.47,7958338.94,63892.75,3.6
01-08-2023,FamilyVan,Van,Asia,1087,49532324.94,7438304.03,63389.94,4.84
01-08-2023,FamilyVan,Van,South America,1250,48481606.43,6287942.09,85433.7,3.93
01-08-2023,FamilyVan,Van,Australia,367,13756703.25,2741925.94,87012.65,4.28
01-08-2023,TerraTruck,Truck,North America,1448,39920226.93,3314727.95,53953.72,4.61
01-08-2023,TerraTruck,Truck,Europe,1324,62610377.27,9415351,84635.81,4.82
01-08-2023,TerraTruck,Truck,Asia,1188,24656059.39,3801164.72,17398.64,4.87
01-08-2023,TerraTruck,Truck,South America,273,11798074.38,1655134.33,90327.1,4.17
01-08-2023,TerraTruck,Truck,Australia,331,16034715.62,1872645,80992.2,4.46
01-09-2023,CruzeX,Sedan,North America,1946,68831797.33,4517686.94,44606.02,4.23
01-09-2023,CruzeX,Sedan,Europe,953,26569896.62,2410827.93,52560.74,4.98
01-09-2023,CruzeX,Sedan,Asia,1707,66612467.45,4039368.86,32895.24,4.04
01-09-2023,CruzeX,Sedan,South America,879,33509370.12,6236329.17,31497.1,4.2
01-09-2023,CruzeX,Sedan,Australia,540,16167821.52,1977424.14,27648.79,4.42
01-09-2023,EcoSUV,SUV,North America,848,29025897.42,4023863.53,58330.67,4.78
01-09-2023,EcoSUV,SUV,Europe,980,26040622.99,1445468.22,19722.32,4.01
01-09-2023,EcoSUV,SUV,Asia,440,14588708.05,1207601.83,45711.72,3.57
01-09-2023,EcoSUV,SUV,South America,332,10594269.81,668116.13,65535.99,3.67
01-09-2023,EcoSUV,SUV,Australia,918,42591418.13,5801672.36,12670.14,4.51
01-09-2023,SpeedsterZ,Sports,North America,1617,80501544.86,5612838.84,34725.84,4.09
01-09-2023,SpeedsterZ,Sports,Europe,1743,73024395.55,13315179.44,70384.87,3.89
01-09-2023,SpeedsterZ,Sports,Asia,544,15928962.76,2764767.09,95955.45,4.73
01-09-2023,SpeedsterZ,Sports,South America,619,28403690.94,1429148.08,74581.49,4.74
01-09-2023,SpeedsterZ,Sports,Australia,1812,69062320.82,10565739.97,20303.89,4.08
01-09-2023,FamilyVan,Van,North America,738,29431392.32,1878980.1,63668.94,4.32
01-09-2023,FamilyVan,Van,Europe,1236,27352964.2,1696622.37,41929.42,4.91
01-09-2023,FamilyVan,Van,Asia,1058,41667092.59,6123708.99,89923.52,4.4
01-09-2023,FamilyVan,Van,South America,1009,39434627.32,7374000.93,65131.61,4.81
01-09-2023,FamilyVan,Van,Australia,1207,47237529.53,7612195.03,57699.24,4.74
01-09-2023,TerraTruck,Truck,North America,1473,35741039.5,1849812.94,47983.08,3.94
01-09-2023,TerraTruck,Truck,Europe,1956,44072144.89,4843762.85,91912.12,4.71
01-09-2023,TerraTruck,Truck,Asia,1250,37868775.74,6035374.88,68706.25,4.77
01-09-2023,TerraTruck,Truck,South America,1561,71111725.12,7863867.34,16985.32,4.31
01-09-2023,TerraTruck,Truck,Australia,1757,66253950.97,5561480.29,44581.57,4.18
01-10-2023,CruzeX,Sedan,North America,1295,61511278.91,7052131.76,38698.01,4.37
01-10-2023,CruzeX,Sedan,Europe,1948,40562442.91,4419121.33,57323.13,4.27
01-10-2023,CruzeX,Sedan,Asia,1791,58952341.36,4208555.87,90108.73,4.02
01-10-2023,CruzeX,Sedan,South America,1271,38375385.38,4896158.36,44101.93,3.51
01-10-2023,CruzeX,Sedan,Australia,1106,24499400.47,2730319.37,38009.57,4.52
01-10-2023,EcoSUV,SUV,North America,424,15235405.59,2685369.8,62219.94,4.34
01-10-2023,EcoSUV,SUV,Europe,1154,46908054.04,3334362.63,53703.07,3.54
01-10-2023,EcoSUV,SUV,Asia,542,19488900.61,1371401.92,18937.2,3.81
01-10-2023,EcoSUV,SUV,South America,462,14617496.49,1081749.42,12101.69,4.63
01-10-2023,EcoSUV,SUV,Australia,1010,34981891.27,2431492.17,85193.22,4.06
01-10-2023,SpeedsterZ,Sports,North America,223,6560437.34,1202269.36,64264.86,4.74
01-10-2023,SpeedsterZ,Sports,Europe,468,10598351.92,1494702.54,23642.59,3.55
01-10-2023,SpeedsterZ,Sports,Asia,1859,56163388.8,7369262.33,23873.05,4.33
01-10-2023,SpeedsterZ,Sports,South America,773,19363734.01,1685344.16,85469.43,4.03
01-10-2023,SpeedsterZ,Sports,Australia,1477,41031129.3,3249401.84,15188.28,4.01
01-10-2023,FamilyVan,Van,North America,1103,29837381.44,5209704.56,59034.49,3.75
01-10-2023,FamilyVan,Van,Europe,1403,70137954.02,5090488.12,83508.12,3.81
01-10-2023,FamilyVan,Van,Asia,608,30287794.61,5513808.64,66106.54,4.35
01-10-2023,FamilyVan,Van,South America,861,29139137.57,4651267.94,23318.57,4.78
01-10-2023,FamilyVan,Van,Australia,712,25839005.11,2174674.25,96762.6,4.86
01-10-2023,TerraTruck,Truck,North America,366,11200998.93,1330342.24,13418.34,4.62
01-10-2023,TerraTruck,Truck,Europe,1610,38228845.31,6465705.75,34819.08,4.82
01-10-2023,TerraTruck,Truck,Asia,1647,80848317.78,15552533.91,56161.22,3.64
01-10-2023,TerraTruck,Truck,South America,919,42188005.2,5835011.54,43779.69,3.93
01-10-2023,TerraTruck,Truck,Australia,1540,56797280.49,6598910.08,64517.98,4.88
01-11-2023,CruzeX,Sedan,North America,598,22316385.78,4013302.32,98266.54,4.11
01-11-2023,CruzeX,Sedan,Europe,1810,77713859.25,10571365.19,96044.24,3.8
01-11-2023,CruzeX,Sedan,Asia,1452,31630581.54,1596559.21,67617.85,3.95
01-11-2023,CruzeX,Sedan,South America,939,20539430.41,3748850.97,50348.71,4.27
01-11-2023,CruzeX,Sedan,Australia,1617,43048363.64,6892235.2,78633.68,4.89
01-11-2023,EcoSUV,SUV,North America,1849,77068554.94,11859298.81,22099.16,3.95
01-11-2023,EcoSUV,SUV,Europe,1327,58564645.24,5377053.22,28963.45,4.94
01-11-2023,EcoSUV,SUV,Asia,1426,70895559.28,5678567.88,99518.38,3.63
01-11-2023,EcoSUV,SUV,South America,641,13095282.79,2104155.64,85073.01,4.61
01-11-2023,EcoSUV,SUV,Australia,1672,33724197.26,6426606.27,83973.4,4.71
01-11-2023,SpeedsterZ,Sports,North America,356,16154440.98,2294586.77,17974.42,4.23
01-11-2023,SpeedsterZ,Sports,Europe,1041,29574845.21,4528232.78,12204.86,3.96
01-11-2023,SpeedsterZ,Sports,Asia,1707,39824212.64,6819310.26,95291.92,3.61
01-11-2023,SpeedsterZ,Sports,South America,1696,39055888.25,7043402.86,71357.38,3.67
01-11-2023,SpeedsterZ,Sports,Australia,261,11441056.71,1785525.31,14520.34,3.61
01-11-2023,FamilyVan,Van,North America,1136,45446398.67,3711465.16,87706.07,4.1
01-11-2023,FamilyVan,Van,Europe,1338,64059214.07,7095544.74,91549.99,3.98
01-11-2023,FamilyVan,Van,Asia,1688,76410564.99,10112714.2,29734.66,3.55
01-11-2023,FamilyVan,Van,South America,1526,46900728.77,6902502.99,21062.86,4.83
01-11-2023,FamilyVan,Van,Australia,1146,52725172.64,6226422.52,83928.88,4.33
01-11-2023,TerraTruck,Truck,North America,759,30723194.13,2651096.8,74255.74,4.73
01-11-2023,TerraTruck,Truck,Europe,507,14550445.51,1956938.01,20795.83,4.88
01-11-2023,TerraTruck,Truck,Asia,875,24624496.24,3065856,35584.67,3.7
01-11-2023,TerraTruck,Truck,South America,453,18868195.9,1711950.23,46220.2,3.65
01-11-2023,TerraTruck,Truck,Australia,1364,48195404.38,2748477.22,34855.26,4.56
01-12-2023,CruzeX,Sedan,North America,1466,54972061.45,6599132.11,40633.37,4.91
01-12-2023,CruzeX,Sedan,Europe,1955,57649244.28,3763565.09,42421.05,3.91
01-12-2023,CruzeX,Sedan,Asia,1797,52832586.24,8893830.74,90268.49,4.15
01-12-2023,CruzeX,Sedan,South America,276,8644157.12,1646263.93,70762.61,3.67
01-12-2023,CruzeX,Sedan,Australia,570,19844220.09,2146099.24,66944.07,4.56
01-12-2023,EcoSUV,SUV,North America,1005,24294342.84,2141174.8,88796.01,3.77
01-12-2023,EcoSUV,SUV,Europe,1659,71056850.82,13686679.71,73228.65,3.95
01-12-2023,EcoSUV,SUV,Asia,632,21653709.28,3143056.71,99951.96,3.66
01-12-2023,EcoSUV,SUV,South America,1625,79143991,9897761.12,48945.62,4.19
01-12-2023,EcoSUV,SUV,Australia,1781,69517282.08,11513250.15,10259.31,4.79
01-12-2023,SpeedsterZ,Sports,North America,1136,36914471.04,6398273.9,86531.32,3.82
01-12-2023,SpeedsterZ,Sports,Europe,428,19727759.19,3148046.4,68294.19,4.69
01-12-2023,SpeedsterZ,Sports,Asia,1978,75624010.93,7130982.87,22294.08,4.48
01-12-2023,SpeedsterZ,Sports,South America,373,15708110.4,3081754.88,14697.88,4.52
01-12-2023,SpeedsterZ,Sports,Australia,921,23924318.05,4390883.93,35866.86,4.05
01-12-2023,FamilyVan,Van,North America,1436,64188170.24,10738828.53,58942.52,3.65
01-12-2023,FamilyVan,Van,Europe,1709,34933330.04,3733119.13,40361.1,3.53
01-12-2023,FamilyVan,Van,Asia,967,46866021.18,2564193.42,76258.04,4
01-12-2023,FamilyVan,Van,South America,1903,72036067.32,3709034.32,51768.56,4.95
01-12-2023,FamilyVan,Van,Australia,1311,41859479.31,6879452.84,50942.7,3.9
01-12-2023,TerraTruck,Truck,North America,564,20100329.13,3947746.32,21299.52,3.53
01-12-2023,TerraTruck,Truck,Europe,1822,57351840.49,6031122.28,26356.53,4.15
01-12-2023,TerraTruck,Truck,Asia,1859,53537821.22,8885740.78,56616.45,4.02
01-12-2023,TerraTruck,Truck,South America,1761,65367419.63,8838582.23,69670.66,4.32
01-12-2023,TerraTruck,Truck,Australia,1351,61351375.32,3284706.3,90870.45,4.67
01-01-2024,CruzeX,Sedan,North America,828,23792023.11,1928682.22,23709.5,4.85
01-01-2024,CruzeX,Sedan,Europe,588,28295355.65,3975321.21,52606.08,3.59
01-01-2024,CruzeX,Sedan,Asia,1341,50242258.41,9974662.59,31524.29,4.3
01-01-2024,CruzeX,Sedan,South America,1079,39204893.11,7622029.2,16804.45,4.05
01-01-2024,CruzeX,Sedan,Australia,1694,70756374.32,10115344.41,90646.76,4.77
01-01-2024,EcoSUV,SUV,North America,606,22633464.9,1630614.54,83001.14,4.45
01-01-2024,EcoSUV,SUV,Europe,1106,27557572.37,4035057.93,82887.42,4.92
01-01-2024,EcoSUV,SUV,Asia,1225,35176040.58,4238650.99,90112.7,4.56
01-01-2024,EcoSUV,SUV,South America,1365,55559454.06,10533573.61,54758.12,3.85
01-01-2024,EcoSUV,SUV,Australia,347,8337801.2,1614949.7,57669.38,3.86
01-01-2024,SpeedsterZ,Sports,North America,1696,82208742.47,15976983.87,65881.77,4.89
01-01-2024,SpeedsterZ,Sports,Europe,545,18415520.63,2430601.43,48953.44,3.57
01-01-2024,SpeedsterZ,Sports,Asia,1089,50005624.84,6110687.68,90790.72,4.51
01-01-2024,SpeedsterZ,Sports,South America,1844,91159570.71,15403363.12,86840.64,3.86
01-01-2024,SpeedsterZ,Sports,Australia,1705,39669893.01,5771207.65,54841.24,4.11
01-01-2024,FamilyVan,Van,North America,1822,90069316.38,12198174.61,33358.76,4.16
01-01-2024,FamilyVan,Van,Europe,1142,28873030.85,2370289.77,11172.66,3.52
01-01-2024,FamilyVan,Van,Asia,719,31476276.66,5860404.87,94933.14,4.94
01-01-2024,FamilyVan,Van,South America,344,16713894.93,3260177.28,45351.44,4.78
01-01-2024,FamilyVan,Van,Australia,577,23974312.65,2088187.74,67655.37,4.5
01-01-2024,TerraTruck,Truck,North America,286,13958239.59,2296644.92,86968.63,4.4
01-01-2024,TerraTruck,Truck,Europe,520,10541000.12,1091566.96,93357.47,3.84
01-01-2024,TerraTruck,Truck,Asia,270,5773059.55,988416.45,26009.93,4.27
01-01-2024,TerraTruck,Truck,South America,1043,23845043.39,2725614.91,12625.28,4.22
01-01-2024,TerraTruck,Truck,Australia,1776,35543591.39,6582938.44,23842.63,4.99
01-02-2024,CruzeX,Sedan,North America,645,32119484.55,1822353.39,78490.71,4.06
01-02-2024,CruzeX,Sedan,Europe,1079,24516661.5,1345785.55,15193.26,4.17
01-02-2024,CruzeX,Sedan,Asia,1981,60843710.5,10229796.81,32590.12,4.35
01-02-2024,CruzeX,Sedan,South America,1214,39416293.89,6980261.05,91201.28,4.82
01-02-2024,CruzeX,Sedan,Australia,1527,35203626.72,4431914.33,29876.75,3.56
01-02-2024,EcoSUV,SUV,North America,1316,33237755.56,5983312.95,35423.09,4.93
01-02-2024,EcoSUV,SUV,Europe,808,33592435.9,4518138.83,48475.16,3.99
01-02-2024,EcoSUV,SUV,Asia,502,12205844.12,1397757.51,91338.18,4.77
01-02-2024,EcoSUV,SUV,South America,1768,57607521.6,9623614.47,52870.22,4.25
01-02-2024,EcoSUV,SUV,Australia,727,18999291.92,1677568.35,36612.52,4.39
01-02-2024,SpeedsterZ,Sports,North America,1681,44062833.06,2673457,16210.68,4.91
01-02-2024,SpeedsterZ,Sports,Europe,520,17576037.37,1129400.25,84407.21,3.57
01-02-2024,SpeedsterZ,Sports,Asia,1287,52520593.2,8701003.82,68918.56,3.73
01-02-2024,SpeedsterZ,Sports,South America,532,19243949.06,1777580.2,48270.54,3.56
01-02-2024,SpeedsterZ,Sports,Australia,353,12849558.51,1667914.48,63138.8,3.59
01-02-2024,FamilyVan,Van,North America,1449,31354958.24,6144371.69,30351.28,3.96
01-02-2024,FamilyVan,Van,Europe,1440,47699219.23,8700822.07,14671.08,3.79
01-02-2024,FamilyVan,Van,Asia,943,25205262.64,3767104.92,76770.67,4.77
01-02-2024,FamilyVan,Van,South America,1466,56131571.89,10351005.38,83622.41,3.88
01-02-2024,FamilyVan,Van,Australia,305,7247011.75,728648.69,99958.95,4.11
01-02-2024,TerraTruck,Truck,North America,1651,70377916.3,7669734.66,63157.41,4.49
01-02-2024,TerraTruck,Truck,Europe,1694,54943350.94,8959857.02,11860.42,3.9
01-02-2024,TerraTruck,Truck,Asia,353,13242153.75,2553527.78,13818.01,3.9
01-02-2024,TerraTruck,Truck,South America,1959,94964991,13753202.72,21694.72,4.34
01-02-2024,TerraTruck,Truck,Australia,852,30174120.11,3812004.72,43235.27,4.9
01-03-2024,CruzeX,Sedan,North America,1211,29997378.39,2310678.95,18841.15,4.71
01-03-2024,CruzeX,Sedan,Europe,1106,45166676.28,7197181.56,87552.18,3.91
01-03-2024,CruzeX,Sedan,Asia,862,18582012.45,1325372.57,29205.4,4.5
01-03-2024,CruzeX,Sedan,South America,344,15719464.15,2439275.38,75435.11,4.34
01-03-2024,CruzeX,Sedan,Australia,282,10287160.67,995772.49,53425.04,4.26
01-03-2024,EcoSUV,SUV,North America,963,40478085.2,4357597.66,12267.41,4.76
01-03-2024,EcoSUV,SUV,Europe,587,25784809.02,3671416.12,85895.03,3.65
01-03-2024,EcoSUV,SUV,Asia,827,34027849.76,5872159.54,59178.73,4.95
01-03-2024,EcoSUV,SUV,South America,438,14404890.7,1387553.45,53403.79,3.68
01-03-2024,EcoSUV,SUV,Australia,1363,59972142.37,7970661.23,45689.83,3.7
01-03-2024,SpeedsterZ,Sports,North America,1581,69980908.97,10607206.65,66252.63,3.97
01-03-2024,SpeedsterZ,Sports,Europe,1145,46007347.85,7798347.12,32542.11,4.44
01-03-2024,SpeedsterZ,Sports,Asia,550,25036224.3,4939292.91,66519.4,3.87
01-03-2024,SpeedsterZ,Sports,South America,1963,42312610.21,5599176.92,35886.95,3.96
01-03-2024,SpeedsterZ,Sports,Australia,1406,45483627.32,8653222.11,48748.62,4.82
01-03-2024,FamilyVan,Van,North America,1192,26284310.44,4404303.57,35718.25,4.15
01-03-2024,FamilyVan,Van,Europe,118,4758494.95,289395.79,28486.13,4.07
01-03-2024,FamilyVan,Van,Asia,388,15229788.38,2295462.22,66905.39,3.8
01-03-2024,FamilyVan,Van,South America,1526,66469606.19,9316739.23,99132.56,3.99
01-03-2024,FamilyVan,Van,Australia,930,30653328.08,6040401.1,16075.23,4.28
01-03-2024,TerraTruck,Truck,North America,116,2678862.34,354059.09,98106.18,4.33
01-03-2024,TerraTruck,Truck,Europe,1205,49569642.57,5621658.24,41187.18,4.1
01-03-2024,TerraTruck,Truck,Asia,1118,42667888.73,5440944.78,76614.52,4.45
01-03-2024,TerraTruck,Truck,South America,1915,76030635.85,14847308.17,64327.35,3.62
01-03-2024,TerraTruck,Truck,Australia,768,36684031.67,2210217.15,48733.73,4.54
01-04-2024,CruzeX,Sedan,North America,502,19432150.6,2861884.03,34066.18,3.52
01-04-2024,CruzeX,Sedan,Europe,1958,61085281.5,8218963.28,50561.78,4.51
01-04-2024,CruzeX,Sedan,Asia,1449,42582084.43,3860680.76,63790.15,4.8
01-04-2024,CruzeX,Sedan,South America,1188,27932233.72,3278202.69,65103.23,3.82
01-04-2024,CruzeX,Sedan,Australia,1046,48628346.22,3909470.79,62882.73,4.55
01-04-2024,EcoSUV,SUV,North America,124,2667818.87,384494.02,44705.22,4.9
01-04-2024,EcoSUV,SUV,Europe,1260,42219610.5,8175285.15,45913.18,4.76
01-04-2024,EcoSUV,SUV,Asia,717,30244671.02,2486117.39,69849.51,4.25
01-04-2024,EcoSUV,SUV,South America,1918,63308353.89,4045012.72,77354.59,4.87
01-04-2024,EcoSUV,SUV,Australia,466,12936788.76,1489807.03,75110.3,3.51
01-04-2024,SpeedsterZ,Sports,North America,1371,36845842.35,4864807.96,70360.8,4.55
01-04-2024,SpeedsterZ,Sports,Europe,1616,36750659.26,2936030.4,88972.3,4.61
01-04-2024,SpeedsterZ,Sports,Asia,1170,24435592.34,2526534.07,11423.19,3.62
01-04-2024,SpeedsterZ,Sports,South America,901,19710085.77,2342367.83,75946.01,4.41
01-04-2024,SpeedsterZ,Sports,Australia,430,16272961.47,1722168.47,39973.14,4.83
01-04-2024,FamilyVan,Van,North America,738,32980861.44,6263282.48,58982.86,3.8
01-04-2024,FamilyVan,Van,Europe,969,40975565.02,6584265.57,56930.41,3.6
01-04-2024,FamilyVan,Van,Asia,589,19333848.14,1564738.81,81974.69,4
01-04-2024,FamilyVan,Van,South America,895,42474655.42,7601840.94,13150.71,4.68
01-04-2024,FamilyVan,Van,Australia,869,33810545.01,2950225.03,73491.47,4.14
01-04-2024,TerraTruck,Truck,North America,519,18710347.11,1340748.76,80558.86,4.13
01-04-2024,TerraTruck,Truck,Europe,162,4660981.92,543414.18,11972.2,3.95
01-04-2024,TerraTruck,Truck,Asia,355,11441289.94,1377861.18,12548.01,3.82
01-04-2024,TerraTruck,Truck,South America,1252,53752393.75,5990739.65,68965.63,3.89
01-04-2024,TerraTruck,Truck,Australia,1161,27116801.87,3456406.77,80787.01,4.91
01-05-2024,CruzeX,Sedan,North America,341,15839694.96,2726310.13,71662.09,3.67
01-05-2024,CruzeX,Sedan,Europe,168,3400140.6,641552.67,49897.59,4.33
01-05-2024,CruzeX,Sedan,Asia,1788,54903363.71,5658800.41,84570,4.68
01-05-2024,CruzeX,Sedan,South America,1434,37974906.2,6508848.03,80772.2,4.45
01-05-2024,CruzeX,Sedan,Australia,1300,45719731.98,8740155.3,88868.75,3.65
01-05-2024,EcoSUV,SUV,North America,236,5269696.69,918669.87,41400.11,4.28
01-05-2024,EcoSUV,SUV,Europe,360,14510960.46,2549376.32,87288.79,4.62
01-05-2024,EcoSUV,SUV,Asia,924,18847318.65,1779025.42,51327.03,4.12
01-05-2024,EcoSUV,SUV,South America,771,31471054.03,2657407.12,20579.62,3.75
01-05-2024,EcoSUV,SUV,Australia,1739,79801270.06,10356877.11,81048.9,3.95
01-05-2024,SpeedsterZ,Sports,North America,857,19288182.02,1019753.55,24917.34,4.84
01-05-2024,SpeedsterZ,Sports,Europe,1073,25370936.64,3683755.69,62392.94,3.68
01-05-2024,SpeedsterZ,Sports,Asia,1357,51881611.73,4503471.61,15195.89,4.09
01-05-2024,SpeedsterZ,Sports,South America,246,7397272.89,1201380.5,61472.1,4.98
01-05-2024,SpeedsterZ,Sports,Australia,236,7663687.73,876278.7,58681.45,4.54
01-05-2024,FamilyVan,Van,North America,274,11674547.86,940385.66,39479.69,4.32
01-05-2024,FamilyVan,Van,Europe,1029,21263507.35,4077641.74,72696.45,4.24
01-05-2024,FamilyVan,Van,Asia,1440,43367324.06,3097567.27,72286.63,3.81
01-05-2024,FamilyVan,Van,South America,1448,62182954.24,9441527.64,79568.8,4.93
01-05-2024,FamilyVan,Van,Australia,292,5998766.6,1013273.96,16214.13,4.21
01-05-2024,TerraTruck,Truck,North America,1330,61936228.59,5158363.08,74317.71,4.82
01-05-2024,TerraTruck,Truck,Europe,1945,81112937.7,10572948.94,85250.59,4.73
01-05-2024,TerraTruck,Truck,Asia,435,11354846,784710.27,35695.79,4.3
01-05-2024,TerraTruck,Truck,South America,1536,39173016.41,6982437.52,89430.39,4.2
01-05-2024,TerraTruck,Truck,Australia,1816,58642593.6,8630203.84,11395.75,3.92
01-06-2024,CruzeX,Sedan,North America,293,6448698.05,1171100.13,45046.44,4.31
01-06-2024,CruzeX,Sedan,Europe,391,17766194.08,2342255.54,98353.66,4.18
01-06-2024,CruzeX,Sedan,Asia,432,19057436.51,2192002.26,99746.41,4.34
01-06-2024,CruzeX,Sedan,South America,1856,61974822.05,3749509.38,75631.13,4.41
01-06-2024,CruzeX,Sedan,Australia,1050,32641587.28,3905101.69,75046.4,4.49
01-06-2024,EcoSUV,SUV,North America,718,34376872.18,3674336.94,84823.09,4.76
01-06-2024,EcoSUV,SUV,Europe,1004,20240041.89,3454452.88,79552.86,4.32
01-06-2024,EcoSUV,SUV,Asia,1532,57343453.69,6532029.89,59322.91,4.28
01-06-2024,EcoSUV,SUV,South America,1953,86107891.4,10996081.92,22629.21,4.51
01-06-2024,EcoSUV,SUV,Australia,1827,75632457.93,8167777.99,69623.56,4.02
01-06-2024,SpeedsterZ,Sports,North America,1024,25354615,2249832.96,64487.06,4.15
01-06-2024,SpeedsterZ,Sports,Europe,957,44666862.7,6111365.41,66915.22,3.73
01-06-2024,SpeedsterZ,Sports,Asia,1805,58570691.31,9190716.75,44759.08,4.38
01-06-2024,SpeedsterZ,Sports,South America,1948,53073296.7,4364583.16,48236.58,4.86
01-06-2024,SpeedsterZ,Sports,Australia,399,16906667.95,2260237.51,62620.13,3.7
01-06-2024,FamilyVan,Van,North America,470,20987816.35,3125644.45,81661.73,3.91
01-06-2024,FamilyVan,Van,Europe,1929,69439258.48,10104402.14,77340.95,3.84
01-06-2024,FamilyVan,Van,Asia,1089,30584952.54,2405169.71,72517.69,3.83
01-06-2024,FamilyVan,Van,South America,967,43237492.15,2571378.8,79911.14,4.73
01-06-2024,FamilyVan,Van,Australia,1603,68649340.5,5365519.93,17954.65,4.55
01-06-2024,TerraTruck,Truck,North America,303,7429027.66,613523.52,51759.11,3.9
01-06-2024,TerraTruck,Truck,Europe,992,46004568.59,3979832.34,60160.35,3.56
01-06-2024,TerraTruck,Truck,Asia,789,34331892.45,3925774.3,28095.86,4.27
01-06-2024,TerraTruck,Truck,South America,1890,88884482.79,17725668.08,84287.41,4.77
01-06-2024,TerraTruck,Truck,Australia,430,19084005.7,2977594.93,97053.72,4.74
01-07-2024,CruzeX,Sedan,North America,1775,52893540.03,8580791.36,82599.85,4.79
01-07-2024,CruzeX,Sedan,Europe,464,15764294.48,2138810.33,37362.72,3.98
01-07-2024,CruzeX,Sedan,Asia,902,18646844.56,1940465.68,80536.44,4.35
01-07-2024,CruzeX,Sedan,South America,607,24055567.92,2039977.76,11294.33,4.65
01-07-2024,CruzeX,Sedan,Australia,213,8772352.83,845158.28,21938.01,4.27
01-07-2024,EcoSUV,SUV,North America,1565,57751411.72,8298422.04,87798.99,4.38
01-07-2024,EcoSUV,SUV,Europe,636,14042784.54,2046712.48,75970.33,4.51
01-07-2024,EcoSUV,SUV,Asia,672,21286886.31,1795151.21,63716.67,4.89
01-07-2024,EcoSUV,SUV,South America,1745,54347289.15,7759654.79,66976.54,4.2
01-07-2024,EcoSUV,SUV,Australia,1784,88189430.43,13001444.91,82397.27,4.57
01-07-2024,SpeedsterZ,Sports,North America,1137,24559700.18,2903316.39,70730.77,4.52
01-07-2024,SpeedsterZ,Sports,Europe,1845,42992002.78,8115044.75,66847.92,3.58
01-07-2024,SpeedsterZ,Sports,Asia,670,27412429.7,4037736.96,34775.94,3.73
01-07-2024,SpeedsterZ,Sports,South America,1187,52593308.27,5894348.73,28374.99,3.56
01-07-2024,SpeedsterZ,Sports,Australia,1877,75141598.91,13195245.13,25275.56,3.53
01-07-2024,FamilyVan,Van,North America,1235,25624998.53,1940200.01,50822.11,4.18
01-07-2024,FamilyVan,Van,Europe,631,30810218.38,4017352.44,53964.61,4.1
01-07-2024,FamilyVan,Van,Asia,1072,40237513.42,7044332.89,67831.98,3.62
01-07-2024,FamilyVan,Van,South America,1710,64612701.26,6670531.23,14679.04,3.55
01-07-2024,FamilyVan,Van,Australia,395,10634916.65,1992460.51,65468.3,3.87
01-07-2024,TerraTruck,Truck,North America,1041,41401988.16,3381912.08,87669.71,4.83
01-07-2024,TerraTruck,Truck,Europe,1043,32607552.32,5543643.06,89612.5,3.69
01-07-2024,TerraTruck,Truck,Asia,278,5810416.88,1072631.31,66036.75,4.96
01-07-2024,TerraTruck,Truck,South America,1387,66885577,11128872.44,21514.32,4.02
01-07-2024,TerraTruck,Truck,Australia,1432,70540741.01,12171528.77,86729.27,4.91
01-08-2024,CruzeX,Sedan,North America,593,18719781.17,1135452.7,28971.38,3.84
01-08-2024,CruzeX,Sedan,Europe,375,8121253.36,1554062.89,16733.91,4.16
01-08-2024,CruzeX,Sedan,Asia,1207,59375110.85,9731217.06,97098.53,4.16
01-08-2024,CruzeX,Sedan,South America,155,3823407.18,310043.71,66752.28,3.83
01-08-2024,CruzeX,Sedan,Australia,667,15934876.35,1409749.89,41978.78,4.51
01-08-2024,EcoSUV,SUV,North America,135,3552553.11,608742.57,23222.97,4.01
01-08-2024,EcoSUV,SUV,Europe,482,23908102.81,2168581.94,18872.46,4.74
01-08-2024,EcoSUV,SUV,Asia,110,4059247.6,692388.84,22343.36,4.37
01-08-2024,EcoSUV,SUV,South America,1547,45031186.97,4356923.79,10282.68,3.76
01-08-2024,EcoSUV,SUV,Australia,1466,32938336.82,3917607.01,37581.71,4.73
01-08-2024,SpeedsterZ,Sports,North America,205,5833802.11,610049.12,27165.34,4.02
01-08-2024,SpeedsterZ,Sports,Europe,629,25170296.8,4192299.01,87598.27,3.97
01-08-2024,SpeedsterZ,Sports,Asia,930,22125345.83,2973276.55,78864.43,4.91
01-08-2024,SpeedsterZ,Sports,South America,1341,34671548.99,4278777.05,76747.73,4.24
01-08-2024,SpeedsterZ,Sports,Australia,1551,62987931.68,9367085.72,20531.06,4.7
01-08-2024,FamilyVan,Van,North America,1011,30175310.1,3563658.46,78620.23,3.69
01-08-2024,FamilyVan,Van,Europe,976,47378304.5,3616089.59,61095.46,4.37
01-08-2024,FamilyVan,Van,Asia,1981,91300689.48,10081091.17,97321.18,4.9
01-08-2024,FamilyVan,Van,South America,944,37618416.79,2677811.76,61378.97,3.78
01-08-2024,FamilyVan,Van,Australia,1857,84730868.56,10473985.22,46590.11,4.85
01-08-2024,TerraTruck,Truck,North America,707,33804295.41,6608367.19,61413.44,3.71
01-08-2024,TerraTruck,Truck,Europe,1329,36659073.96,6995806.67,90458.67,4.01
01-08-2024,TerraTruck,Truck,Asia,926,41997457.25,7113905.53,25761.08,4.51
01-08-2024,TerraTruck,Truck,South America,386,10246843.25,1855813.63,32470.21,3.89
01-08-2024,TerraTruck,Truck,Australia,624,24151504.99,3382230.35,14816.3,4.06
01-09-2024,CruzeX,Sedan,North America,436,10708795.26,1271653.79,41609.74,3.64
01-09-2024,CruzeX,Sedan,Europe,1181,32019911.22,6156642.57,95019.92,4.41
01-09-2024,CruzeX,Sedan,Asia,414,11237781.44,2093207.41,52126.21,4.2
01-09-2024,CruzeX,Sedan,South America,1596,65555141.8,9327713.16,78438.19,4.27
01-09-2024,CruzeX,Sedan,Australia,1409,70431304.12,11650558.56,45807.91,4.74
01-09-2024,EcoSUV,SUV,North America,880,35404150.81,5821646.15,14090.73,4.47
01-09-2024,EcoSUV,SUV,Europe,1590,61141660,11408474.77,55886.86,4.25
01-09-2024,EcoSUV,SUV,Asia,570,22110112.21,2029058.47,86768.38,4.89
01-09-2024,EcoSUV,SUV,South America,1490,36982377.44,1987645.59,50413.49,3.86
01-09-2024,EcoSUV,SUV,Australia,1906,64747727.74,10748586.21,92346.93,3.78
01-09-2024,SpeedsterZ,Sports,North America,1790,45116737.9,4825809.38,82130.12,4.09
01-09-2024,SpeedsterZ,Sports,Europe,238,8818839.38,1302783.79,28970.33,4.33
01-09-2024,SpeedsterZ,Sports,Asia,1848,68326929.4,12939187.29,44859.03,3.6
01-09-2024,SpeedsterZ,Sports,South America,592,26525008.04,3414042.95,79771.96,3.85
01-09-2024,SpeedsterZ,Sports,Australia,238,6848567.28,683698.19,36439.83,3.56
01-09-2024,FamilyVan,Van,North America,970,27125945.46,3844276.56,71065,3.98
01-09-2024,FamilyVan,Van,Europe,1673,80998033.82,14800630.4,76516.03,3.92
01-09-2024,FamilyVan,Van,Asia,1422,42934598.54,5081003.76,71030.24,4.31
01-09-2024,FamilyVan,Van,South America,1351,52257607.09,10373988.21,38069.15,4.01
01-09-2024,FamilyVan,Van,Australia,1995,58642817.63,10405002.89,18009.07,4.99
01-09-2024,TerraTruck,Truck,North America,708,34029691.07,2649550.41,43525.8,4.89
01-09-2024,TerraTruck,Truck,Europe,1615,40288667.42,3464761.12,73911.94,3.91
01-09-2024,TerraTruck,Truck,Asia,1498,73465352.58,8595973.67,55136.62,3.87
01-09-2024,TerraTruck,Truck,South America,609,13277961.42,2465915.96,68276.48,3.91
01-09-2024,TerraTruck,Truck,Australia,1334,62872478.2,10852492.47,78134.33,3.58
01-10-2024,CruzeX,Sedan,North America,370,12532542.06,2252654.14,32451.24,4.58
01-10-2024,CruzeX,Sedan,Europe,450,13816377.61,2260631.1,36556.51,3.95
01-10-2024,CruzeX,Sedan,Asia,467,13145580.87,1033130.59,26616.92,4.01
01-10-2024,CruzeX,Sedan,South America,1084,49749167.69,8625222.02,25600.87,4.23
01-10-2024,CruzeX,Sedan,Australia,983,28151508.16,3488617.59,36994.79,4.39
01-10-2024,EcoSUV,SUV,North America,1425,55528180.95,7637387.96,45110.82,4.03
01-10-2024,EcoSUV,SUV,Europe,974,29530443.6,4723394.93,69279.52,4.9
01-10-2024,EcoSUV,SUV,Asia,838,31004456.21,4605853.81,90854.78,4.1
01-10-2024,EcoSUV,SUV,South America,444,21436220.24,1337836.78,32854.4,4.67
01-10-2024,EcoSUV,SUV,Australia,1360,30286973.04,3156847.84,18295.12,4.38
01-10-2024,SpeedsterZ,Sports,North America,1320,29062473.53,4046284.11,76498,3.55
01-10-2024,SpeedsterZ,Sports,Europe,129,5921612.38,494213.68,88579.8,4.68
01-10-2024,SpeedsterZ,Sports,Asia,1059,50990290.7,8811684.88,98521.05,3.89
01-10-2024,SpeedsterZ,Sports,South America,1858,80751509.88,6945486.71,22987.83,3.67
01-10-2024,SpeedsterZ,Sports,Australia,956,38966882.82,4624953.96,30386.95,4.42
01-10-2024,FamilyVan,Van,North America,1956,47211107.61,7238141.74,90796.92,4.62
01-10-2024,FamilyVan,Van,Europe,121,4152781.95,426170.39,42630.38,4.71
01-10-2024,FamilyVan,Van,Asia,628,23059731.24,1692708.14,85113.19,4.04
01-10-2024,FamilyVan,Van,South America,528,23879993.97,1986476.51,44289.21,4.71
01-10-2024,FamilyVan,Van,Australia,1945,83355908.75,13939262.46,34818.17,3.81
01-10-2024,TerraTruck,Truck,North America,1183,27870667.25,5297166.28,71547.98,4.3
01-10-2024,TerraTruck,Truck,Europe,125,6014158.54,581992.05,32479.49,4.48
01-10-2024,TerraTruck,Truck,Asia,853,41911751.72,5629935.27,74327.79,3.6
01-10-2024,TerraTruck,Truck,South America,483,13125175.48,1664863.57,79621.49,3.57
01-10-2024,TerraTruck,Truck,Australia,518,11553519.37,1192322.4,59559.7,4.1
01-11-2024,CruzeX,Sedan,North America,531,11365298.51,1113206.08,49435.9,4.85
01-11-2024,CruzeX,Sedan,Europe,1173,27185717.26,2806508.07,47185.53,4.51
01-11-2024,CruzeX,Sedan,Asia,497,14086463.77,1162745.13,35920.48,4.33
01-11-2024,CruzeX,Sedan,South America,1843,82601535.86,4649415.98,47726.46,3.75
01-11-2024,CruzeX,Sedan,Australia,336,13877956.84,893176.4,38592.52,4.95
01-11-2024,EcoSUV,SUV,North America,258,12575833.39,1044635.5,89756.36,4.9
01-11-2024,EcoSUV,SUV,Europe,470,14752596.38,1438201.32,35712.96,3.64
01-11-2024,EcoSUV,SUV,Asia,1353,48625224.2,7372347.93,48561.21,4.6
01-11-2024,EcoSUV,SUV,South America,270,12638116.15,1879392.11,10725.32,4.91
01-11-2024,EcoSUV,SUV,Australia,593,13774456.35,2275805.03,55042.96,4.15
01-11-2024,SpeedsterZ,Sports,North America,1906,65796296.34,8363651.23,37762.15,4.36
01-11-2024,SpeedsterZ,Sports,Europe,723,33641663.21,4504982.5,84563.93,4.57
01-11-2024,SpeedsterZ,Sports,Asia,1219,59697375.46,6523328.9,75553.38,4.02
01-11-2024,SpeedsterZ,Sports,South America,825,36805563.8,4272611.75,21916.42,4.07
01-11-2024,SpeedsterZ,Sports,Australia,858,24004998.32,4766188.71,12319.26,4.41
01-11-2024,FamilyVan,Van,North America,698,23585088.16,2703973.41,37404.33,3.8
01-11-2024,FamilyVan,Van,Europe,813,31448955.51,2622887.29,37649.48,4.32
01-11-2024,FamilyVan,Van,Asia,129,5584244.15,388524.85,60887.8,4.16
01-11-2024,FamilyVan,Van,South America,1709,80218647.44,5023223.46,45379.35,3.65
01-11-2024,FamilyVan,Van,Australia,1148,45749591.43,6421751.95,24671.72,3.85
01-11-2024,TerraTruck,Truck,North America,1646,73912855.54,14208839.62,37414.21,3.9
01-11-2024,TerraTruck,Truck,Europe,993,45729919.72,8641563.25,47766.46,3.58
01-11-2024,TerraTruck,Truck,Asia,1454,47400577.71,2438903.46,87215.96,4.6
01-11-2024,TerraTruck,Truck,South America,755,15356002.45,2581432.98,37578.95,3.56
01-11-2024,TerraTruck,Truck,Australia,175,5411592.07,730198.31,10563.17,3.59
01-12-2024,CruzeX,Sedan,North America,382,14127181.07,2298745.83,21876.88,4.27
01-12-2024,CruzeX,Sedan,Europe,674,14502588.16,1652108.53,84912.72,4.71
01-12-2024,CruzeX,Sedan,Asia,352,10393376.36,924057.01,17883.22,3.63
01-12-2024,CruzeX,Sedan,South America,903,30252088.54,3043908.94,88361.96,3.63
01-12-2024,CruzeX,Sedan,Australia,499,14950014.46,2233822.81,88357.05,4.64
01-12-2024,EcoSUV,SUV,North America,896,26908703.69,2938049.61,57694.65,3.74
01-12-2024,EcoSUV,SUV,Europe,717,18826735.79,1778350.89,91972.24,4.32
01-12-2024,EcoSUV,SUV,Asia,380,10657187.79,1110065.56,46761,4.52
01-12-2024,EcoSUV,SUV,South America,1064,47689221.23,6568035.9,40377.92,4.7
01-12-2024,EcoSUV,SUV,Australia,1550,60829958.38,5412298.14,89747.75,4.84
01-12-2024,SpeedsterZ,Sports,North America,1031,24396909.19,1626555.89,68329.45,4.81
01-12-2024,SpeedsterZ,Sports,Europe,1458,65292069.3,9856740.17,84191.54,4.1
01-12-2024,SpeedsterZ,Sports,Asia,1015,40286949.42,5248295.72,17382.13,3.55
01-12-2024,SpeedsterZ,Sports,South America,1423,31927693.11,6350011.7,24058.14,4.98
01-12-2024,SpeedsterZ,Sports,Australia,1270,31841253.76,3272349.56,78550.83,4.26
01-12-2024,FamilyVan,Van,North America,514,14743157.42,1771422.53,65745.1,4.12
01-12-2024,FamilyVan,Van,Europe,229,8830964.17,1322920.66,55063.98,4.47
01-12-2024,FamilyVan,Van,Asia,522,25073221.39,3845308.16,84094.59,4.33
01-12-2024,FamilyVan,Van,South America,103,3923863.79,504373.77,32822.57,4.21
01-12-2024,FamilyVan,Van,Australia,1471,38025746.31,5620736.12,80282.74,4.69
01-12-2024,TerraTruck,Truck,North America,1741,80028323.27,5235964.2,21335.97,4.97
01-12-2024,TerraTruck,Truck,Europe,1294,63295615.11,4447277.9,23659.79,4.83
01-12-2024,TerraTruck,Truck,Asia,281,10704555.51,1631158.77,61782.33,4.14
01-12-2024,TerraTruck,Truck,South America,1801,43767651.84,2309090.33,51766,4.91
01-12-2024,TerraTruck,Truck,Australia,1860,72093423.48,11683585.66,29684.25,3.59
